[
	{
		"anonymous": false,
		"inputs": [
			{
				"indexed": false,
				"internalType": "uint256",
				"name": "proposalId",
				"type": "uint256"
			},
			{
				"indexed": false,
				"internalType": "enum DAOCouncil.Decision",
				"name": "decision",
				"type": "uint8"
			}
		],
		"name": "Finalized",
		"type": "event"
	},
	{
		"anonymous": false,
		"inputs": [
			{
				"indexed": false,
				"internalType": "uint256",
				"name": "proposalId",
				"type": "uint256"
			},
			{
				"indexed": false,
				"internalType": "string",
				"name": "title",
				"type": "string"
			}
		],
		"name": "ProposalSubmitted",
		"type": "event"
	},
	{
		"anonymous": false,
		"inputs": [
			{
				"indexed": false,
				"internalType": "uint256",
				"name": "proposalId",
				"type": "uint256"
			},
			{
				"indexed": false,
				"internalType": "string",
				"name": "voter",
				"type": "string"
			},
			{
				"indexed": false,
				"internalType": "bool",
				"name": "approve",
				"type": "bool"
			}
		],
		"name": "Voted",
		"type": "event"
	},
	{
		"inputs": [
			{
				"internalType": "uint256",
				"name": "_proposalId",
				"type": "uint256"
			}
		],
		"name": "finalizeProposal",
		"outputs": [],
		"stateMutability": "nonpayable",
		"type": "function"
	},
	{
		"inputs": [
			{
				"internalType": "uint256",
				"name": "_proposalId",
				"type": "uint256"
			}
		],
		"name": "getProposal",
		"outputs": [
			{
				"components": [
					{
						"internalType": "uint256",
						"name": "id",
						"type": "uint256"
					},
					{
						"internalType": "string",
						"name": "title",
						"type": "string"
					},
					{
						"internalType": "string",
						"name": "description",
						"type": "string"
					},
					{
						"internalType": "uint256",
						"name": "votesApprove",
						"type": "uint256"
					},
					{
						"internalType": "uint256",
						"name": "votesReject",
						"type": "uint256"
					},
					{
						"internalType": "enum DAOCouncil.Decision",
						"name": "finalDecision",
						"type": "uint8"
					}
				],
				"internalType": "struct DAOCouncil.Proposal",
				"name": "",
				"type": "tuple"
			}
		],
		"stateMutability": "view",
		"type": "function"
	},
	{
		"inputs": [],
		"name": "nextProposalId",
		"outputs": [
			{
				"internalType": "uint256",
				"name": "",
				"type": "uint256"
			}
		],
		"stateMutability": "view",
		"type": "function"
	},
	{
		"inputs": [
			{
				"internalType": "uint256",
				"name": "",
				"type": "uint256"
			}
		],
		"name": "proposals",
		"outputs": [
			{
				"internalType": "uint256",
				"name": "id",
				"type": "uint256"
			},
			{
				"internalType": "string",
				"name": "title",
				"type": "string"
			},
			{
				"internalType": "string",
				"name": "description",
				"type": "string"
			},
			{
				"internalType": "uint256",
				"name": "votesApprove",
				"type": "uint256"
			},
			{
				"internalType": "uint256",
				"name": "votesReject",
				"type": "uint256"
			},
			{
				"internalType": "enum DAOCouncil.Decision",
				"name": "finalDecision",
				"type": "uint8"
			}
		],
		"stateMutability": "view",
		"type": "function"
	},
	{
		"inputs": [
			{
				"internalType": "string",
				"name": "_title",
				"type": "string"
			},
			{
				"internalType": "string",
				"name": "_description",
				"type": "string"
			}
		],
		"name": "submitProposal",
		"outputs": [
			{
				"internalType": "uint256",
				"name": "",
				"type": "uint256"
			}
		],
		"stateMutability": "nonpayable",
		"type": "function"
	},
	{
		"inputs": [
			{
				"internalType": "uint256",
				"name": "_proposalId",
				"type": "uint256"
			},
			{
				"internalType": "string",
				"name": "_voterName",
				"type": "string"
			},
			{
				"internalType": "bool",
				"name": "_approve",
				"type": "bool"
			}
		],
		"name": "vote",
		"outputs": [],
		"stateMutability": "nonpayable",
		"type": "function"
	}
]